image_name,label,video_id
00001_0.jpg,real,00001
00001_120.jpg,real,00001
00001_30.jpg,real,00001
00001_60.jpg,real,00001
00001_90.jpg,real,00001
00002_0.jpg,real,00002
00002_120.jpg,real,00002
00002_150.jpg,real,00002
00002_30.jpg,real,00002
00002_60.jpg,real,00002
00002_90.jpg,real,00002
00005_0.jpg,real,00005
00005_120.jpg,real,00005
00005_150.jpg,real,00005
00005_30.jpg,real,00005
00005_60.jpg,real,00005
00005_90.jpg,real,00005
00006_0.jpg,real,00006
00007_0.jpg,real,00007
00007_60.jpg,real,00007
00007_90.jpg,real,00007
00010_0.jpg,real,00010
00010_120.jpg,real,00010
00010_150.jpg,real,00010
00010_180.jpg,real,00010
00010_210.jpg,real,00010
00010_240.jpg,real,00010
00010_270.jpg,real,00010
00010_30.jpg,real,00010
00010_60.jpg,real,00010
00010_90.jpg,real,00010
00015_0.jpg,real,00015
00015_120.jpg,real,00015
00015_150.jpg,real,00015
00015_30.jpg,real,00015
00015_60.jpg,real,00015
00015_90.jpg,real,00015
00017_0.jpg,real,00017
00017_120.jpg,real,00017
00017_150.jpg,real,00017
00017_30.jpg,real,00017
00017_60.jpg,real,00017
00017_90.jpg,real,00017
00019_0.jpg,real,00019
00019_120.jpg,real,00019
00019_30.jpg,real,00019
00019_60.jpg,real,00019
00019_90.jpg,real,00019
00021_0.jpg,real,00021
00021_120.jpg,real,00021
00021_180.jpg,real,00021
00021_30.jpg,real,00021
00021_60.jpg,real,00021
00021_90.jpg,real,00021
00027_0.jpg,real,00027
00027_30.jpg,real,00027
00027_60.jpg,real,00027
00027_90.jpg,real,00027
00028_0.jpg,real,00028
00028_120.jpg,real,00028
00028_150.jpg,real,00028
00028_30.jpg,real,00028
00028_60.jpg,real,00028
00028_90.jpg,real,00028
00031_0.jpg,real,00031
00031_30.jpg,real,00031
00031_60.jpg,real,00031
00031_90.jpg,real,00031
00032_0.jpg,real,00032
00032_120.jpg,real,00032
00032_150.jpg,real,00032
00032_30.jpg,real,00032
00032_60.jpg,real,00032
00033_0.jpg,real,00033
00033_30.jpg,real,00033
00033_60.jpg,real,00033
00033_90.jpg,real,00033
00036_0.jpg,real,00036
00036_120.jpg,real,00036
00036_150.jpg,real,00036
00036_180.jpg,real,00036
00036_30.jpg,real,00036
00036_60.jpg,real,00036
00036_90.jpg,real,00036
00042_0.jpg,real,00042
00042_30.jpg,real,00042
00042_60.jpg,real,00042
00042_90.jpg,real,00042
00044_0.jpg,real,00044
00044_120.jpg,real,00044
00044_30.jpg,real,00044
00044_60.jpg,real,00044
00044_90.jpg,real,00044
00045_0.jpg,real,00045
00045_120.jpg,real,00045
00045_150.jpg,real,00045
00045_180.jpg,real,00045
00045_210.jpg,real,00045
00045_30.jpg,real,00045
00045_60.jpg,real,00045
00045_90.jpg,real,00045
00050_0.jpg,real,00050
00050_30.jpg,real,00050
00050_60.jpg,real,00050
00050_90.jpg,real,00050
00052_0.jpg,real,00052
00052_120.jpg,real,00052
00052_150.jpg,real,00052
00052_210.jpg,real,00052
00052_240.jpg,real,00052
00052_270.jpg,real,00052
00052_30.jpg,real,00052
00052_60.jpg,real,00052
00052_90.jpg,real,00052
00053_0.jpg,real,00053
00053_30.jpg,real,00053
00053_60.jpg,real,00053
00053_90.jpg,real,00053
00056_0.jpg,real,00056
00056_120.jpg,real,00056
00056_150.jpg,real,00056
00056_180.jpg,real,00056
00056_30.jpg,real,00056
00056_90.jpg,real,00056
00059_0.jpg,real,00059
00059_60.jpg,real,00059
00059_90.jpg,real,00059
00065_0.jpg,real,00065
00065_120.jpg,real,00065
00065_30.jpg,real,00065
00065_60.jpg,real,00065
00065_90.jpg,real,00065
00071_0.jpg,real,00071
00071_120.jpg,real,00071
00071_60.jpg,real,00071
00072_0.jpg,real,00072
00072_120.jpg,real,00072
00072_150.jpg,real,00072
00072_180.jpg,real,00072
00072_30.jpg,real,00072
00072_60.jpg,real,00072
00072_90.jpg,real,00072
00077_120.jpg,real,00077
00077_150.jpg,real,00077
00077_180.jpg,real,00077
00077_30.jpg,real,00077
00077_60.jpg,real,00077
00077_90.jpg,real,00077
00078_0.jpg,real,00078
00078_120.jpg,real,00078
00078_30.jpg,real,00078
00078_60.jpg,real,00078
00078_90.jpg,real,00078
00080_0.jpg,real,00080
00080_120.jpg,real,00080
00080_150.jpg,real,00080
00080_180.jpg,real,00080
00080_210.jpg,real,00080
00080_30.jpg,real,00080
00080_60.jpg,real,00080
00080_90.jpg,real,00080
00083_0.jpg,real,00083
00083_120.jpg,real,00083
00083_150.jpg,real,00083
00083_30.jpg,real,00083
00083_60.jpg,real,00083
00083_90.jpg,real,00083
00090_0.jpg,real,00090
00090_120.jpg,real,00090
00090_150.jpg,real,00090
00090_30.jpg,real,00090
00090_60.jpg,real,00090
00090_90.jpg,real,00090
00092_0.jpg,real,00092
00092_120.jpg,real,00092
00092_150.jpg,real,00092
00092_180.jpg,real,00092
00092_210.jpg,real,00092
00092_30.jpg,real,00092
00092_60.jpg,real,00092
00092_90.jpg,real,00092
00094_0.jpg,real,00094
00094_120.jpg,real,00094
00094_30.jpg,real,00094
00094_60.jpg,real,00094
00094_90.jpg,real,00094
00099_0.jpg,real,00099
00099_120.jpg,real,00099
00099_150.jpg,real,00099
00099_180.jpg,real,00099
00099_210.jpg,real,00099
00099_30.jpg,real,00099
00099_60.jpg,real,00099
00099_90.jpg,real,00099
00109_0.jpg,real,00109
00109_120.jpg,real,00109
00109_150.jpg,real,00109
00109_180.jpg,real,00109
00109_210.jpg,real,00109
00109_240.jpg,real,00109
00109_30.jpg,real,00109
00109_60.jpg,real,00109
00109_90.jpg,real,00109
00118_0.jpg,real,00118
00118_120.jpg,real,00118
00118_210.jpg,real,00118
00118_30.jpg,real,00118
00118_60.jpg,real,00118
00118_90.jpg,real,00118
00126_0.jpg,real,00126
00126_120.jpg,real,00126
00126_150.jpg,real,00126
00126_180.jpg,real,00126
00126_210.jpg,real,00126
00126_30.jpg,real,00126
00126_60.jpg,real,00126
00126_90.jpg,real,00126
00130_0.jpg,real,00130
00130_120.jpg,real,00130
00130_150.jpg,real,00130
00130_30.jpg,real,00130
00130_60.jpg,real,00130
00130_90.jpg,real,00130
00135_0.jpg,real,00135
00135_30.jpg,real,00135
00143_0.jpg,real,00143
00143_120.jpg,real,00143
00143_150.jpg,real,00143
00143_180.jpg,real,00143
00143_210.jpg,real,00143
00143_240.jpg,real,00143
00143_270.jpg,real,00143
00143_30.jpg,real,00143
00143_60.jpg,real,00143
00143_90.jpg,real,00143
00148_0.jpg,real,00148
00148_120.jpg,real,00148
00148_30.jpg,real,00148
00148_60.jpg,real,00148
00148_90.jpg,real,00148
00149_0.jpg,real,00149
00149_120.jpg,real,00149
00149_30.jpg,real,00149
00149_60.jpg,real,00149
00149_90.jpg,real,00149
00160_0.jpg,real,00160
00160_120.jpg,real,00160
00160_150.jpg,real,00160
00160_180.jpg,real,00160
00160_210.jpg,real,00160
00160_240.jpg,real,00160
00160_270.jpg,real,00160
00160_30.jpg,real,00160
00160_60.jpg,real,00160
00160_90.jpg,real,00160
00167_0.jpg,real,00167
00167_120.jpg,real,00167
00167_180.jpg,real,00167
00167_210.jpg,real,00167
00167_30.jpg,real,00167
00167_60.jpg,real,00167
00167_90.jpg,real,00167
00174_0.jpg,real,00174
00174_120.jpg,real,00174
00174_30.jpg,real,00174
00174_60.jpg,real,00174
00174_90.jpg,real,00174
00181_0.jpg,real,00181
00181_120.jpg,real,00181
00181_30.jpg,real,00181
00181_60.jpg,real,00181
00181_90.jpg,real,00181
00195_30.jpg,real,00195
00195_60.jpg,real,00195
00195_90.jpg,real,00195
00206_0.jpg,real,00206
00206_120.jpg,real,00206
00206_150.jpg,real,00206
00206_180.jpg,real,00206
00206_210.jpg,real,00206
00206_240.jpg,real,00206
00206_30.jpg,real,00206
00206_60.jpg,real,00206
00206_90.jpg,real,00206
00249_0.jpg,real,00249
00249_30.jpg,real,00249
00249_60.jpg,real,00249
00249_90.jpg,real,00249
00271_0.jpg,real,00271
00271_120.jpg,real,00271
00271_150.jpg,real,00271
00271_180.jpg,real,00271
00271_30.jpg,real,00271
00271_60.jpg,real,00271
00271_90.jpg,real,00271
00273_0.jpg,real,00273
00273_120.jpg,real,00273
00273_150.jpg,real,00273
00273_180.jpg,real,00273
00273_210.jpg,real,00273
00273_240.jpg,real,00273
00273_270.jpg,real,00273
00273_30.jpg,real,00273
00273_300.jpg,real,00273
00273_60.jpg,real,00273
00273_90.jpg,real,00273
00298_0.jpg,real,00298
00298_30.jpg,real,00298
00298_60.jpg,real,00298
00298_90.jpg,real,00298
00320_30.jpg,real,00320
00320_60.jpg,real,00320
00320_90.jpg,real,00320
00384_0.jpg,real,00384
00384_120.jpg,real,00384
00384_150.jpg,real,00384
00384_30.jpg,real,00384
00384_60.jpg,real,00384
00384_90.jpg,real,00384
00408_0.jpg,real,00408
00408_120.jpg,real,00408
00408_150.jpg,real,00408
00408_60.jpg,real,00408
00424_0.jpg,real,00424
00424_120.jpg,real,00424
00424_30.jpg,real,00424
00424_60.jpg,real,00424
00424_90.jpg,real,00424
00476_30.jpg,real,00476
00010_id00366_wavtolip_0.jpg,fake,00010_id00366_wavtolip
00010_id00366_wavtolip_120.jpg,fake,00010_id00366_wavtolip
00010_id00366_wavtolip_150.jpg,fake,00010_id00366_wavtolip
00010_id00366_wavtolip_30.jpg,fake,00010_id00366_wavtolip
00010_id00366_wavtolip_60.jpg,fake,00010_id00366_wavtolip
00010_id00366_wavtolip_90.jpg,fake,00010_id00366_wavtolip
00010_id00391_TjJgUZaenWI_id00944_wavtolip_0.jpg,fake,00010_id00391_TjJgUZaenWI_id00944_wavtolip
00010_id00391_TjJgUZaenWI_id00944_wavtolip_120.jpg,fake,00010_id00391_TjJgUZaenWI_id00944_wavtolip
00010_id00391_TjJgUZaenWI_id00944_wavtolip_30.jpg,fake,00010_id00391_TjJgUZaenWI_id00944_wavtolip
00010_id00391_TjJgUZaenWI_id00944_wavtolip_60.jpg,fake,00010_id00391_TjJgUZaenWI_id00944_wavtolip
00010_id00391_TjJgUZaenWI_id00944_wavtolip_90.jpg,fake,00010_id00391_TjJgUZaenWI_id00944_wavtolip
00010_id00476_wavtolip_0.jpg,fake,00010_id00476_wavtolip
00010_id00476_wavtolip_120.jpg,fake,00010_id00476_wavtolip
00010_id00476_wavtolip_150.jpg,fake,00010_id00476_wavtolip
00010_id00476_wavtolip_30.jpg,fake,00010_id00476_wavtolip
00010_id00476_wavtolip_60.jpg,fake,00010_id00476_wavtolip
00010_id00476_wavtolip_90.jpg,fake,00010_id00476_wavtolip
00010_id00478_wavtolip_0.jpg,fake,00010_id00478_wavtolip
00010_id00478_wavtolip_120.jpg,fake,00010_id00478_wavtolip
00010_id00478_wavtolip_150.jpg,fake,00010_id00478_wavtolip
00010_id00478_wavtolip_30.jpg,fake,00010_id00478_wavtolip
00010_id00478_wavtolip_60.jpg,fake,00010_id00478_wavtolip
00010_id00478_wavtolip_90.jpg,fake,00010_id00478_wavtolip
00010_id00761_wavtolip_0.jpg,fake,00010_id00761_wavtolip
00010_id00761_wavtolip_120.jpg,fake,00010_id00761_wavtolip
00010_id00761_wavtolip_30.jpg,fake,00010_id00761_wavtolip
00010_id00761_wavtolip_60.jpg,fake,00010_id00761_wavtolip
00010_id00761_wavtolip_90.jpg,fake,00010_id00761_wavtolip
00010_id01076_wavtolip_0.jpg,fake,00010_id01076_wavtolip
00010_id01076_wavtolip_30.jpg,fake,00010_id01076_wavtolip
00010_id01076_wavtolip_60.jpg,fake,00010_id01076_wavtolip
00010_id01171_XSINMRoTb0E_id01717_wavtolip_0.jpg,fake,00010_id01171_XSINMRoTb0E_id01717_wavtolip
00010_id01171_XSINMRoTb0E_id01717_wavtolip_30.jpg,fake,00010_id01171_XSINMRoTb0E_id01717_wavtolip
00010_id01171_XSINMRoTb0E_id01717_wavtolip_60.jpg,fake,00010_id01171_XSINMRoTb0E_id01717_wavtolip
00010_id01179_RnqLJMrWELw_id01835_wavtolip_0.jpg,fake,00010_id01179_RnqLJMrWELw_id01835_wavtolip
00010_id01179_RnqLJMrWELw_id01835_wavtolip_120.jpg,fake,00010_id01179_RnqLJMrWELw_id01835_wavtolip
00010_id01179_RnqLJMrWELw_id01835_wavtolip_150.jpg,fake,00010_id01179_RnqLJMrWELw_id01835_wavtolip
00010_id01179_RnqLJMrWELw_id01835_wavtolip_30.jpg,fake,00010_id01179_RnqLJMrWELw_id01835_wavtolip
00010_id01179_RnqLJMrWELw_id01835_wavtolip_60.jpg,fake,00010_id01179_RnqLJMrWELw_id01835_wavtolip
00010_id01179_wavtolip_0.jpg,fake,00010_id01179_wavtolip
00010_id01179_wavtolip_30.jpg,fake,00010_id01179_wavtolip
00010_id01179_wavtolip_60.jpg,fake,00010_id01179_wavtolip
00010_id01179_wavtolip_90.jpg,fake,00010_id01179_wavtolip
00010_id01392_wavtolip_0.jpg,fake,00010_id01392_wavtolip
00010_id01392_wavtolip_120.jpg,fake,00010_id01392_wavtolip
00010_id01392_wavtolip_30.jpg,fake,00010_id01392_wavtolip
00010_id01392_wavtolip_60.jpg,fake,00010_id01392_wavtolip
00010_id01392_wavtolip_90.jpg,fake,00010_id01392_wavtolip
00010_id01452_4MqeoSxSy3w_id00366_wavtolip_0.jpg,fake,00010_id01452_4MqeoSxSy3w_id00366_wavtolip
00010_id01452_4MqeoSxSy3w_id00366_wavtolip_120.jpg,fake,00010_id01452_4MqeoSxSy3w_id00366_wavtolip
00010_id01452_4MqeoSxSy3w_id00366_wavtolip_150.jpg,fake,00010_id01452_4MqeoSxSy3w_id00366_wavtolip
00010_id01452_4MqeoSxSy3w_id00366_wavtolip_30.jpg,fake,00010_id01452_4MqeoSxSy3w_id00366_wavtolip
00010_id01452_4MqeoSxSy3w_id00366_wavtolip_60.jpg,fake,00010_id01452_4MqeoSxSy3w_id00366_wavtolip
00010_id01452_4MqeoSxSy3w_id00366_wavtolip_90.jpg,fake,00010_id01452_4MqeoSxSy3w_id00366_wavtolip
00010_id01528_wavtolip_0.jpg,fake,00010_id01528_wavtolip
00010_id01528_wavtolip_120.jpg,fake,00010_id01528_wavtolip
00010_id01528_wavtolip_150.jpg,fake,00010_id01528_wavtolip
00010_id01528_wavtolip_30.jpg,fake,00010_id01528_wavtolip
00010_id01528_wavtolip_60.jpg,fake,00010_id01528_wavtolip
00010_id01528_wavtolip_90.jpg,fake,00010_id01528_wavtolip
00010_id01637_5VjcPZm8knM_faceswap_id00166_wavtolip_0.jpg,fake,00010_id01637_5VjcPZm8knM_faceswap_id00166_wavtolip
00010_id01637_5VjcPZm8knM_faceswap_id00166_wavtolip_120.jpg,fake,00010_id01637_5VjcPZm8knM_faceswap_id00166_wavtolip
00010_id01637_5VjcPZm8knM_faceswap_id00166_wavtolip_30.jpg,fake,00010_id01637_5VjcPZm8knM_faceswap_id00166_wavtolip
00010_id01637_5VjcPZm8knM_faceswap_id00166_wavtolip_60.jpg,fake,00010_id01637_5VjcPZm8knM_faceswap_id00166_wavtolip
00010_id01637_5VjcPZm8knM_faceswap_id00761_wavtolip_0.jpg,fake,00010_id01637_5VjcPZm8knM_faceswap_id00761_wavtolip
00010_id01637_5VjcPZm8knM_faceswap_id00761_wavtolip_120.jpg,fake,00010_id01637_5VjcPZm8knM_faceswap_id00761_wavtolip
00010_id01637_5VjcPZm8knM_faceswap_id00761_wavtolip_30.jpg,fake,00010_id01637_5VjcPZm8knM_faceswap_id00761_wavtolip
00010_id01637_5VjcPZm8knM_faceswap_id00761_wavtolip_60.jpg,fake,00010_id01637_5VjcPZm8knM_faceswap_id00761_wavtolip
00010_id01637_5VjcPZm8knM_faceswap_id01171_wavtolip_0.jpg,fake,00010_id01637_5VjcPZm8knM_faceswap_id01171_wavtolip
00010_id01637_5VjcPZm8knM_faceswap_id01171_wavtolip_30.jpg,fake,00010_id01637_5VjcPZm8knM_faceswap_id01171_wavtolip
00010_id01637_5VjcPZm8knM_faceswap_id01171_wavtolip_60.jpg,fake,00010_id01637_5VjcPZm8knM_faceswap_id01171_wavtolip
00010_id01637_5VjcPZm8knM_faceswap_id01171_wavtolip_90.jpg,fake,00010_id01637_5VjcPZm8knM_faceswap_id01171_wavtolip
00010_id01637_5VjcPZm8knM_faceswap_id01530_wavtolip_0.jpg,fake,00010_id01637_5VjcPZm8knM_faceswap_id01530_wavtolip
00010_id01637_5VjcPZm8knM_faceswap_id01530_wavtolip_30.jpg,fake,00010_id01637_5VjcPZm8knM_faceswap_id01530_wavtolip
00010_id01637_5VjcPZm8knM_faceswap_id01530_wavtolip_60.jpg,fake,00010_id01637_5VjcPZm8knM_faceswap_id01530_wavtolip
00010_id01637_5VjcPZm8knM_faceswap_id01598_wavtolip_0.jpg,fake,00010_id01637_5VjcPZm8knM_faceswap_id01598_wavtolip
00010_id01637_5VjcPZm8knM_faceswap_id01598_wavtolip_30.jpg,fake,00010_id01637_5VjcPZm8knM_faceswap_id01598_wavtolip
00010_id01637_5VjcPZm8knM_faceswap_id01598_wavtolip_60.jpg,fake,00010_id01637_5VjcPZm8knM_faceswap_id01598_wavtolip
00010_id01637_5VjcPZm8knM_faceswap_id01598_wavtolip_90.jpg,fake,00010_id01637_5VjcPZm8knM_faceswap_id01598_wavtolip
00010_id01637_5VjcPZm8knM_id00478_wavtolip_0.jpg,fake,00010_id01637_5VjcPZm8knM_id00478_wavtolip
00010_id01637_5VjcPZm8knM_id00478_wavtolip_120.jpg,fake,00010_id01637_5VjcPZm8knM_id00478_wavtolip
00010_id01637_5VjcPZm8knM_id00478_wavtolip_150.jpg,fake,00010_id01637_5VjcPZm8knM_id00478_wavtolip
00010_id01637_5VjcPZm8knM_id00478_wavtolip_30.jpg,fake,00010_id01637_5VjcPZm8knM_id00478_wavtolip
00010_id01637_5VjcPZm8knM_id00478_wavtolip_60.jpg,fake,00010_id01637_5VjcPZm8knM_id00478_wavtolip
00010_id01637_5VjcPZm8knM_id00478_wavtolip_90.jpg,fake,00010_id01637_5VjcPZm8knM_id00478_wavtolip
00010_id01995_wavtolip_0.jpg,fake,00010_id01995_wavtolip
00010_id01995_wavtolip_120.jpg,fake,00010_id01995_wavtolip
00010_id01995_wavtolip_30.jpg,fake,00010_id01995_wavtolip
00010_id01995_wavtolip_60.jpg,fake,00010_id01995_wavtolip
00010_id01995_wavtolip_90.jpg,fake,00010_id01995_wavtolip
00010_id02005_7_Egh9mW5y4_id01920_wavtolip_0.jpg,fake,00010_id02005_7_Egh9mW5y4_id01920_wavtolip
00010_id02005_7_Egh9mW5y4_id01920_wavtolip_120.jpg,fake,00010_id02005_7_Egh9mW5y4_id01920_wavtolip
00010_id02005_7_Egh9mW5y4_id01920_wavtolip_30.jpg,fake,00010_id02005_7_Egh9mW5y4_id01920_wavtolip
00010_id02005_7_Egh9mW5y4_id01920_wavtolip_60.jpg,fake,00010_id02005_7_Egh9mW5y4_id01920_wavtolip
00010_id02005_7_Egh9mW5y4_id01920_wavtolip_90.jpg,fake,00010_id02005_7_Egh9mW5y4_id01920_wavtolip
00010_id02040_wavtolip_0.jpg,fake,00010_id02040_wavtolip
00010_id02040_wavtolip_30.jpg,fake,00010_id02040_wavtolip
00010_id02316_yrrNcmZ-xmI_id00475_wavtolip_0.jpg,fake,00010_id02316_yrrNcmZ-xmI_id00475_wavtolip
00010_id02316_yrrNcmZ-xmI_id00475_wavtolip_120.jpg,fake,00010_id02316_yrrNcmZ-xmI_id00475_wavtolip
00010_id02316_yrrNcmZ-xmI_id00475_wavtolip_150.jpg,fake,00010_id02316_yrrNcmZ-xmI_id00475_wavtolip
00010_id02316_yrrNcmZ-xmI_id00475_wavtolip_30.jpg,fake,00010_id02316_yrrNcmZ-xmI_id00475_wavtolip
00010_id02316_yrrNcmZ-xmI_id00475_wavtolip_60.jpg,fake,00010_id02316_yrrNcmZ-xmI_id00475_wavtolip
00010_id02342_RJPBPhJB8TA_id01452_wavtolip_0.jpg,fake,00010_id02342_RJPBPhJB8TA_id01452_wavtolip
00010_id02342_RJPBPhJB8TA_id01452_wavtolip_30.jpg,fake,00010_id02342_RJPBPhJB8TA_id01452_wavtolip
00010_id02342_RJPBPhJB8TA_id01452_wavtolip_60.jpg,fake,00010_id02342_RJPBPhJB8TA_id01452_wavtolip
00010_id02494_lObg47hQleE_id00761_wavtolip_0.jpg,fake,00010_id02494_lObg47hQleE_id00761_wavtolip
00010_id02494_lObg47hQleE_id00761_wavtolip_120.jpg,fake,00010_id02494_lObg47hQleE_id00761_wavtolip
00010_id02494_lObg47hQleE_id00761_wavtolip_30.jpg,fake,00010_id02494_lObg47hQleE_id00761_wavtolip
00010_id02494_lObg47hQleE_id00761_wavtolip_60.jpg,fake,00010_id02494_lObg47hQleE_id00761_wavtolip
00109_10_id00476_wavtolip_0.jpg,fake,00109_10_id00476_wavtolip
00109_10_id00476_wavtolip_60.jpg,fake,00109_10_id00476_wavtolip
00109_10_id01076_wavtolip_0.jpg,fake,00109_10_id01076_wavtolip
00109_10_id01076_wavtolip_30.jpg,fake,00109_10_id01076_wavtolip
00109_10_id01076_wavtolip_60.jpg,fake,00109_10_id01076_wavtolip
00109_10_id01179_wavtolip_0.jpg,fake,00109_10_id01179_wavtolip
00109_10_id01179_wavtolip_60.jpg,fake,00109_10_id01179_wavtolip
00109_10_id02005_wavtolip_0.jpg,fake,00109_10_id02005_wavtolip
00109_10_id02005_wavtolip_30.jpg,fake,00109_10_id02005_wavtolip
00109_10_id02005_wavtolip_60.jpg,fake,00109_10_id02005_wavtolip
00109_10_id02342_wavtolip_0.jpg,fake,00109_10_id02342_wavtolip
00109_10_id02342_wavtolip_60.jpg,fake,00109_10_id02342_wavtolip
00109_12_id00518_wavtolip_0.jpg,fake,00109_12_id00518_wavtolip
00109_12_id00518_wavtolip_30.jpg,fake,00109_12_id00518_wavtolip
00109_12_id00518_wavtolip_60.jpg,fake,00109_12_id00518_wavtolip
00109_12_id00518_wavtolip_90.jpg,fake,00109_12_id00518_wavtolip
00109_12_id00761_wavtolip_0.jpg,fake,00109_12_id00761_wavtolip
00109_12_id00761_wavtolip_30.jpg,fake,00109_12_id00761_wavtolip
00109_12_id00761_wavtolip_60.jpg,fake,00109_12_id00761_wavtolip
00109_12_id00761_wavtolip_90.jpg,fake,00109_12_id00761_wavtolip
00109_12_id00987_wavtolip_0.jpg,fake,00109_12_id00987_wavtolip
00109_12_id00987_wavtolip_30.jpg,fake,00109_12_id00987_wavtolip
00109_12_id00987_wavtolip_60.jpg,fake,00109_12_id00987_wavtolip
00109_12_id00987_wavtolip_90.jpg,fake,00109_12_id00987_wavtolip
00109_12_id01856_wavtolip_0.jpg,fake,00109_12_id01856_wavtolip
00109_12_id01856_wavtolip_30.jpg,fake,00109_12_id01856_wavtolip
00109_12_id01856_wavtolip_60.jpg,fake,00109_12_id01856_wavtolip
00109_12_id01856_wavtolip_90.jpg,fake,00109_12_id01856_wavtolip
00109_12_id02296_wavtolip_0.jpg,fake,00109_12_id02296_wavtolip
00109_12_id02296_wavtolip_30.jpg,fake,00109_12_id02296_wavtolip
00109_12_id02296_wavtolip_60.jpg,fake,00109_12_id02296_wavtolip
00109_12_id02296_wavtolip_90.jpg,fake,00109_12_id02296_wavtolip
00109_2_id00166_wavtolip_0.jpg,fake,00109_2_id00166_wavtolip
00109_2_id00166_wavtolip_30.jpg,fake,00109_2_id00166_wavtolip
00109_2_id00166_wavtolip_60.jpg,fake,00109_2_id00166_wavtolip
00109_2_id00166_wavtolip_90.jpg,fake,00109_2_id00166_wavtolip
00109_2_id00701_wavtolip_0.jpg,fake,00109_2_id00701_wavtolip
00109_2_id00701_wavtolip_30.jpg,fake,00109_2_id00701_wavtolip
00109_2_id00701_wavtolip_60.jpg,fake,00109_2_id00701_wavtolip
00109_2_id00701_wavtolip_90.jpg,fake,00109_2_id00701_wavtolip
00109_2_id01236_wavtolip_0.jpg,fake,00109_2_id01236_wavtolip
00109_2_id01236_wavtolip_30.jpg,fake,00109_2_id01236_wavtolip
00109_2_id01236_wavtolip_60.jpg,fake,00109_2_id01236_wavtolip
00109_2_id01521_wavtolip_0.jpg,fake,00109_2_id01521_wavtolip
00109_2_id01521_wavtolip_30.jpg,fake,00109_2_id01521_wavtolip
00109_2_id01521_wavtolip_60.jpg,fake,00109_2_id01521_wavtolip
00109_2_id01598_wavtolip_0.jpg,fake,00109_2_id01598_wavtolip
00109_2_id01598_wavtolip_30.jpg,fake,00109_2_id01598_wavtolip
00109_2_id01598_wavtolip_60.jpg,fake,00109_2_id01598_wavtolip
00109_2_id01598_wavtolip_90.jpg,fake,00109_2_id01598_wavtolip
00109_4_id01392_wavtolip_0.jpg,fake,00109_4_id01392_wavtolip
00109_4_id01392_wavtolip_120.jpg,fake,00109_4_id01392_wavtolip
00109_4_id01392_wavtolip_60.jpg,fake,00109_4_id01392_wavtolip
00109_4_id01392_wavtolip_90.jpg,fake,00109_4_id01392_wavtolip
00109_4_id01528_wavtolip_0.jpg,fake,00109_4_id01528_wavtolip
00109_4_id01528_wavtolip_120.jpg,fake,00109_4_id01528_wavtolip
00109_4_id01528_wavtolip_30.jpg,fake,00109_4_id01528_wavtolip
00109_4_id01528_wavtolip_60.jpg,fake,00109_4_id01528_wavtolip
00109_4_id01528_wavtolip_90.jpg,fake,00109_4_id01528_wavtolip
00109_4_id01691_wavtolip_0.jpg,fake,00109_4_id01691_wavtolip
00109_4_id01691_wavtolip_120.jpg,fake,00109_4_id01691_wavtolip
00109_4_id01691_wavtolip_30.jpg,fake,00109_4_id01691_wavtolip
00109_4_id01691_wavtolip_60.jpg,fake,00109_4_id01691_wavtolip
00109_4_id01691_wavtolip_90.jpg,fake,00109_4_id01691_wavtolip
00109_4_id01995_wavtolip_120.jpg,fake,00109_4_id01995_wavtolip
00109_4_id01995_wavtolip_60.jpg,fake,00109_4_id01995_wavtolip
00109_4_id01995_wavtolip_90.jpg,fake,00109_4_id01995_wavtolip
00109_4_id02296_wavtolip_0.jpg,fake,00109_4_id02296_wavtolip
00109_4_id02296_wavtolip_120.jpg,fake,00109_4_id02296_wavtolip
00109_4_id02296_wavtolip_60.jpg,fake,00109_4_id02296_wavtolip
00109_4_id02296_wavtolip_90.jpg,fake,00109_4_id02296_wavtolip
00109_7_id00166_wavtolip_0.jpg,fake,00109_7_id00166_wavtolip
00109_7_id00166_wavtolip_120.jpg,fake,00109_7_id00166_wavtolip
00109_7_id00166_wavtolip_30.jpg,fake,00109_7_id00166_wavtolip
00109_7_id00478_wavtolip_0.jpg,fake,00109_7_id00478_wavtolip
00109_7_id00478_wavtolip_120.jpg,fake,00109_7_id00478_wavtolip
00109_7_id00478_wavtolip_30.jpg,fake,00109_7_id00478_wavtolip
00109_7_id01452_wavtolip_0.jpg,fake,00109_7_id01452_wavtolip
00109_7_id01452_wavtolip_30.jpg,fake,00109_7_id01452_wavtolip
00109_7_id01717_wavtolip_0.jpg,fake,00109_7_id01717_wavtolip
00109_7_id01717_wavtolip_30.jpg,fake,00109_7_id01717_wavtolip
00109_7_id01995_wavtolip_0.jpg,fake,00109_7_id01995_wavtolip
00109_7_id01995_wavtolip_120.jpg,fake,00109_7_id01995_wavtolip
00109_7_id01995_wavtolip_30.jpg,fake,00109_7_id01995_wavtolip
00109_8_id00166_wavtolip_90.jpg,fake,00109_8_id00166_wavtolip
00109_8_id00701_wavtolip_90.jpg,fake,00109_8_id00701_wavtolip
00109_8_id00761_wavtolip_90.jpg,fake,00109_8_id00761_wavtolip
00109_8_id01170_wavtolip_0.jpg,fake,00109_8_id01170_wavtolip
00109_8_id01170_wavtolip_30.jpg,fake,00109_8_id01170_wavtolip
00109_9_id00076_wavtolip_0.jpg,fake,00109_9_id00076_wavtolip
00109_9_id00076_wavtolip_30.jpg,fake,00109_9_id00076_wavtolip
00109_9_id00076_wavtolip_90.jpg,fake,00109_9_id00076_wavtolip
00109_9_id01036_wavtolip_0.jpg,fake,00109_9_id01036_wavtolip
00109_9_id01036_wavtolip_30.jpg,fake,00109_9_id01036_wavtolip
00109_9_id01036_wavtolip_90.jpg,fake,00109_9_id01036_wavtolip
00109_9_id01452_wavtolip_0.jpg,fake,00109_9_id01452_wavtolip
00109_9_id01452_wavtolip_30.jpg,fake,00109_9_id01452_wavtolip
00109_9_id01528_wavtolip_0.jpg,fake,00109_9_id01528_wavtolip
00109_9_id01528_wavtolip_30.jpg,fake,00109_9_id01528_wavtolip
00109_9_id01528_wavtolip_90.jpg,fake,00109_9_id01528_wavtolip
00109_9_id02005_wavtolip_0.jpg,fake,00109_9_id02005_wavtolip
00109_9_id02005_wavtolip_30.jpg,fake,00109_9_id02005_wavtolip
00109_9_id02005_wavtolip_90.jpg,fake,00109_9_id02005_wavtolip
00109_id00173_UHoMXLSjlDo_id00475_wavtolip_120.jpg,fake,00109_id00173_UHoMXLSjlDo_id00475_wavtolip
00109_id00173_UHoMXLSjlDo_id00475_wavtolip_150.jpg,fake,00109_id00173_UHoMXLSjlDo_id00475_wavtolip
00109_id00173_UHoMXLSjlDo_id00475_wavtolip_180.jpg,fake,00109_id00173_UHoMXLSjlDo_id00475_wavtolip
00109_id00173_UHoMXLSjlDo_id00475_wavtolip_30.jpg,fake,00109_id00173_UHoMXLSjlDo_id00475_wavtolip
00109_id00173_UHoMXLSjlDo_id00475_wavtolip_60.jpg,fake,00109_id00173_UHoMXLSjlDo_id00475_wavtolip
00109_id00173_UHoMXLSjlDo_id00475_wavtolip_90.jpg,fake,00109_id00173_UHoMXLSjlDo_id00475_wavtolip
00109_id00366_RSOgEoek8WM_id01995_wavtolip_0.jpg,fake,00109_id00366_RSOgEoek8WM_id01995_wavtolip
00109_id00366_RSOgEoek8WM_id01995_wavtolip_120.jpg,fake,00109_id00366_RSOgEoek8WM_id01995_wavtolip
00109_id00366_RSOgEoek8WM_id01995_wavtolip_30.jpg,fake,00109_id00366_RSOgEoek8WM_id01995_wavtolip
00109_id00366_RSOgEoek8WM_id01995_wavtolip_60.jpg,fake,00109_id00366_RSOgEoek8WM_id01995_wavtolip
00109_id00366_RSOgEoek8WM_id01995_wavtolip_90.jpg,fake,00109_id00366_RSOgEoek8WM_id01995_wavtolip
00109_id00391_wavtolip_0.jpg,fake,00109_id00391_wavtolip
00109_id00391_wavtolip_120.jpg,fake,00109_id00391_wavtolip
00109_id00391_wavtolip_150.jpg,fake,00109_id00391_wavtolip
00109_id00391_wavtolip_180.jpg,fake,00109_id00391_wavtolip
00109_id00391_wavtolip_210.jpg,fake,00109_id00391_wavtolip
00109_id00391_wavtolip_30.jpg,fake,00109_id00391_wavtolip
00109_id00391_wavtolip_60.jpg,fake,00109_id00391_wavtolip
00109_id00475_wavtolip_120.jpg,fake,00109_id00475_wavtolip
00109_id00475_wavtolip_150.jpg,fake,00109_id00475_wavtolip
00109_id00475_wavtolip_180.jpg,fake,00109_id00475_wavtolip
00109_id00475_wavtolip_30.jpg,fake,00109_id00475_wavtolip
00109_id00475_wavtolip_60.jpg,fake,00109_id00475_wavtolip
00109_id00475_wavtolip_90.jpg,fake,00109_id00475_wavtolip
00109_id00476_wavtolip_120.jpg,fake,00109_id00476_wavtolip
00109_id00476_wavtolip_150.jpg,fake,00109_id00476_wavtolip
00109_id00476_wavtolip_180.jpg,fake,00109_id00476_wavtolip
00109_id00476_wavtolip_30.jpg,fake,00109_id00476_wavtolip
00109_id00476_wavtolip_60.jpg,fake,00109_id00476_wavtolip
00109_id00476_wavtolip_90.jpg,fake,00109_id00476_wavtolip
00109_id00701_wavtolip_120.jpg,fake,00109_id00701_wavtolip
00109_id00701_wavtolip_150.jpg,fake,00109_id00701_wavtolip
00109_id00701_wavtolip_180.jpg,fake,00109_id00701_wavtolip
00109_id00701_wavtolip_30.jpg,fake,00109_id00701_wavtolip
00109_id00701_wavtolip_60.jpg,fake,00109_id00701_wavtolip
00109_id00701_wavtolip_90.jpg,fake,00109_id00701_wavtolip
00109_id00830_rfl3Teg9uew_id01544_wavtolip_0.jpg,fake,00109_id00830_rfl3Teg9uew_id01544_wavtolip
00109_id00830_rfl3Teg9uew_id01544_wavtolip_30.jpg,fake,00109_id00830_rfl3Teg9uew_id01544_wavtolip
00109_id00830_rfl3Teg9uew_id01544_wavtolip_60.jpg,fake,00109_id00830_rfl3Teg9uew_id01544_wavtolip
00109_id00830_rfl3Teg9uew_id01544_wavtolip_90.jpg,fake,00109_id00830_rfl3Teg9uew_id01544_wavtolip
00109_id01036_AohKaMtIHxA_id00476_wavtolip_120.jpg,fake,00109_id01036_AohKaMtIHxA_id00476_wavtolip
00109_id01036_AohKaMtIHxA_id00476_wavtolip_150.jpg,fake,00109_id01036_AohKaMtIHxA_id00476_wavtolip
00109_id01036_AohKaMtIHxA_id00476_wavtolip_180.jpg,fake,00109_id01036_AohKaMtIHxA_id00476_wavtolip
00109_id01036_AohKaMtIHxA_id00476_wavtolip_30.jpg,fake,00109_id01036_AohKaMtIHxA_id00476_wavtolip
00109_id01036_AohKaMtIHxA_id00476_wavtolip_60.jpg,fake,00109_id01036_AohKaMtIHxA_id00476_wavtolip
00109_id01036_AohKaMtIHxA_id00476_wavtolip_90.jpg,fake,00109_id01036_AohKaMtIHxA_id00476_wavtolip
00109_id01207_mt129WTRSII_id02316_wavtolip_0.jpg,fake,00109_id01207_mt129WTRSII_id02316_wavtolip
00109_id01207_mt129WTRSII_id02316_wavtolip_30.jpg,fake,00109_id01207_mt129WTRSII_id02316_wavtolip
00109_id01207_mt129WTRSII_id02316_wavtolip_60.jpg,fake,00109_id01207_mt129WTRSII_id02316_wavtolip
00109_id01207_mt129WTRSII_id02316_wavtolip_90.jpg,fake,00109_id01207_mt129WTRSII_id02316_wavtolip
00109_id01207_wavtolip_30.jpg,fake,00109_id01207_wavtolip
00109_id01207_wavtolip_60.jpg,fake,00109_id01207_wavtolip
00109_id01207_wavtolip_90.jpg,fake,00109_id01207_wavtolip
00109_id01544_uBo9585VW2A_id01779_wavtolip_120.jpg,fake,00109_id01544_uBo9585VW2A_id01779_wavtolip
00109_id01544_uBo9585VW2A_id01779_wavtolip_30.jpg,fake,00109_id01544_uBo9585VW2A_id01779_wavtolip
00109_id01544_uBo9585VW2A_id01779_wavtolip_60.jpg,fake,00109_id01544_uBo9585VW2A_id01779_wavtolip
00109_id01637_wavtolip_120.jpg,fake,00109_id01637_wavtolip
00109_id01637_wavtolip_30.jpg,fake,00109_id01637_wavtolip
00109_id01637_wavtolip_60.jpg,fake,00109_id01637_wavtolip
00109_id01637_wavtolip_90.jpg,fake,00109_id01637_wavtolip
00109_id01691_wavtolip_120.jpg,fake,00109_id01691_wavtolip
00109_id01691_wavtolip_150.jpg,fake,00109_id01691_wavtolip
00109_id01691_wavtolip_180.jpg,fake,00109_id01691_wavtolip
00109_id01691_wavtolip_30.jpg,fake,00109_id01691_wavtolip
00109_id01691_wavtolip_60.jpg,fake,00109_id01691_wavtolip
00109_id01691_wavtolip_90.jpg,fake,00109_id01691_wavtolip
00109_id01920_wavtolip_120.jpg,fake,00109_id01920_wavtolip
00109_id01920_wavtolip_30.jpg,fake,00109_id01920_wavtolip
00109_id01920_wavtolip_60.jpg,fake,00109_id01920_wavtolip
00109_id01995_YUR9wTypwIo_id01691_wavtolip_0.jpg,fake,00109_id01995_YUR9wTypwIo_id01691_wavtolip
00109_id01995_YUR9wTypwIo_id01691_wavtolip_120.jpg,fake,00109_id01995_YUR9wTypwIo_id01691_wavtolip
00109_id01995_YUR9wTypwIo_id01691_wavtolip_30.jpg,fake,00109_id01995_YUR9wTypwIo_id01691_wavtolip
00109_id02005_7_Egh9mW5y4_id01972_wavtolip_30.jpg,fake,00109_id02005_7_Egh9mW5y4_id01972_wavtolip
00109_id02005_7_Egh9mW5y4_id01972_wavtolip_60.jpg,fake,00109_id02005_7_Egh9mW5y4_id01972_wavtolip
00109_id02005_wavtolip_120.jpg,fake,00109_id02005_wavtolip
00109_id02005_wavtolip_30.jpg,fake,00109_id02005_wavtolip
00109_id02005_wavtolip_60.jpg,fake,00109_id02005_wavtolip
00109_id02316_wavtolip_30.jpg,fake,00109_id02316_wavtolip
00109_id02316_wavtolip_60.jpg,fake,00109_id02316_wavtolip
00109_id02342_RJPBPhJB8TA_id00166_wavtolip_120.jpg,fake,00109_id02342_RJPBPhJB8TA_id00166_wavtolip
00109_id02342_RJPBPhJB8TA_id00166_wavtolip_30.jpg,fake,00109_id02342_RJPBPhJB8TA_id00166_wavtolip
00109_id04727_AAnyugIAXao_id00391_wavtolip_0.jpg,fake,00109_id04727_AAnyugIAXao_id00391_wavtolip
00109_id04727_AAnyugIAXao_id00391_wavtolip_120.jpg,fake,00109_id04727_AAnyugIAXao_id00391_wavtolip
00109_id04727_AAnyugIAXao_id00391_wavtolip_180.jpg,fake,00109_id04727_AAnyugIAXao_id00391_wavtolip
00109_id04727_AAnyugIAXao_id00391_wavtolip_210.jpg,fake,00109_id04727_AAnyugIAXao_id00391_wavtolip
00109_id04727_AAnyugIAXao_id00391_wavtolip_240.jpg,fake,00109_id04727_AAnyugIAXao_id00391_wavtolip
00109_id04727_AAnyugIAXao_id00391_wavtolip_30.jpg,fake,00109_id04727_AAnyugIAXao_id00391_wavtolip
00118_id00076_Isiq7cA-DNE_id00076_wavtolip_120.jpg,fake,00118_id00076_Isiq7cA-DNE_id00076_wavtolip
00118_id00076_Isiq7cA-DNE_id00076_wavtolip_30.jpg,fake,00118_id00076_Isiq7cA-DNE_id00076_wavtolip
00118_id00076_Isiq7cA-DNE_id00076_wavtolip_60.jpg,fake,00118_id00076_Isiq7cA-DNE_id00076_wavtolip
00118_id00076_Isiq7cA-DNE_id00076_wavtolip_90.jpg,fake,00118_id00076_Isiq7cA-DNE_id00076_wavtolip
00118_id00366_RSOgEoek8WM_id01452_wavtolip_0.jpg,fake,00118_id00366_RSOgEoek8WM_id01452_wavtolip
00118_id00366_RSOgEoek8WM_id01452_wavtolip_30.jpg,fake,00118_id00366_RSOgEoek8WM_id01452_wavtolip
00118_id00366_RSOgEoek8WM_id01452_wavtolip_60.jpg,fake,00118_id00366_RSOgEoek8WM_id01452_wavtolip
00118_id00476_UgdYVJ6xPYg_faceswap_id00166_wavtolip_0.jpg,fake,00118_id00476_UgdYVJ6xPYg_faceswap_id00166_wavtolip
00118_id00476_UgdYVJ6xPYg_faceswap_id00166_wavtolip_120.jpg,fake,00118_id00476_UgdYVJ6xPYg_faceswap_id00166_wavtolip
00118_id00476_UgdYVJ6xPYg_faceswap_id00166_wavtolip_30.jpg,fake,00118_id00476_UgdYVJ6xPYg_faceswap_id00166_wavtolip
00118_id00476_UgdYVJ6xPYg_faceswap_id00166_wavtolip_60.jpg,fake,00118_id00476_UgdYVJ6xPYg_faceswap_id00166_wavtolip
00118_id00476_UgdYVJ6xPYg_faceswap_id00166_wavtolip_90.jpg,fake,00118_id00476_UgdYVJ6xPYg_faceswap_id00166_wavtolip
00118_id00476_UgdYVJ6xPYg_faceswap_id00173_wavtolip_0.jpg,fake,00118_id00476_UgdYVJ6xPYg_faceswap_id00173_wavtolip
00118_id00476_UgdYVJ6xPYg_faceswap_id00173_wavtolip_120.jpg,fake,00118_id00476_UgdYVJ6xPYg_faceswap_id00173_wavtolip
00118_id00476_UgdYVJ6xPYg_faceswap_id00173_wavtolip_30.jpg,fake,00118_id00476_UgdYVJ6xPYg_faceswap_id00173_wavtolip
00118_id00476_UgdYVJ6xPYg_faceswap_id00173_wavtolip_60.jpg,fake,00118_id00476_UgdYVJ6xPYg_faceswap_id00173_wavtolip
00118_id00476_UgdYVJ6xPYg_faceswap_id00173_wavtolip_90.jpg,fake,00118_id00476_UgdYVJ6xPYg_faceswap_id00173_wavtolip
00118_id00476_UgdYVJ6xPYg_faceswap_id01530_wavtolip_0.jpg,fake,00118_id00476_UgdYVJ6xPYg_faceswap_id01530_wavtolip
00118_id00476_UgdYVJ6xPYg_faceswap_id01530_wavtolip_30.jpg,fake,00118_id00476_UgdYVJ6xPYg_faceswap_id01530_wavtolip
00118_id00476_UgdYVJ6xPYg_faceswap_id01530_wavtolip_60.jpg,fake,00118_id00476_UgdYVJ6xPYg_faceswap_id01530_wavtolip
00118_id00476_UgdYVJ6xPYg_faceswap_id01530_wavtolip_90.jpg,fake,00118_id00476_UgdYVJ6xPYg_faceswap_id01530_wavtolip
00118_id00476_UgdYVJ6xPYg_faceswap_id01598_wavtolip_30.jpg,fake,00118_id00476_UgdYVJ6xPYg_faceswap_id01598_wavtolip
00118_id00476_UgdYVJ6xPYg_faceswap_id01598_wavtolip_60.jpg,fake,00118_id00476_UgdYVJ6xPYg_faceswap_id01598_wavtolip
00118_id00476_UgdYVJ6xPYg_faceswap_id01598_wavtolip_90.jpg,fake,00118_id00476_UgdYVJ6xPYg_faceswap_id01598_wavtolip
00118_id00476_UgdYVJ6xPYg_faceswap_id01779_wavtolip_120.jpg,fake,00118_id00476_UgdYVJ6xPYg_faceswap_id01779_wavtolip
00118_id00476_UgdYVJ6xPYg_faceswap_id01779_wavtolip_30.jpg,fake,00118_id00476_UgdYVJ6xPYg_faceswap_id01779_wavtolip
00118_id00476_UgdYVJ6xPYg_faceswap_id01779_wavtolip_60.jpg,fake,00118_id00476_UgdYVJ6xPYg_faceswap_id01779_wavtolip
00118_id00476_UgdYVJ6xPYg_faceswap_id01779_wavtolip_90.jpg,fake,00118_id00476_UgdYVJ6xPYg_faceswap_id01779_wavtolip
00118_id00987_wavtolip_120.jpg,fake,00118_id00987_wavtolip
00118_id00987_wavtolip_30.jpg,fake,00118_id00987_wavtolip
00118_id00987_wavtolip_60.jpg,fake,00118_id00987_wavtolip
00118_id00987_wavtolip_90.jpg,fake,00118_id00987_wavtolip
00118_id01170_wavtolip_120.jpg,fake,00118_id01170_wavtolip
00118_id01170_wavtolip_30.jpg,fake,00118_id01170_wavtolip
00118_id01170_wavtolip_60.jpg,fake,00118_id01170_wavtolip
00118_id01170_wavtolip_90.jpg,fake,00118_id01170_wavtolip
00118_id01171_wavtolip_30.jpg,fake,00118_id01171_wavtolip
00118_id01171_wavtolip_60.jpg,fake,00118_id01171_wavtolip
00118_id01171_wavtolip_90.jpg,fake,00118_id01171_wavtolip
00118_id01207_mt129WTRSII_id01170_wavtolip_0.jpg,fake,00118_id01207_mt129WTRSII_id01170_wavtolip
00118_id01207_mt129WTRSII_id01170_wavtolip_120.jpg,fake,00118_id01207_mt129WTRSII_id01170_wavtolip
00118_id01207_mt129WTRSII_id01170_wavtolip_30.jpg,fake,00118_id01207_mt129WTRSII_id01170_wavtolip
00118_id01207_mt129WTRSII_id01170_wavtolip_60.jpg,fake,00118_id01207_mt129WTRSII_id01170_wavtolip
00118_id01207_mt129WTRSII_id01170_wavtolip_90.jpg,fake,00118_id01207_mt129WTRSII_id01170_wavtolip
00118_id01207_wavtolip_30.jpg,fake,00118_id01207_wavtolip
00118_id01207_wavtolip_60.jpg,fake,00118_id01207_wavtolip
00118_id01207_wavtolip_90.jpg,fake,00118_id01207_wavtolip
00118_id01528_SBAS9Kcb8QY_id01521_wavtolip_0.jpg,fake,00118_id01528_SBAS9Kcb8QY_id01521_wavtolip
00118_id01528_SBAS9Kcb8QY_id01521_wavtolip_30.jpg,fake,00118_id01528_SBAS9Kcb8QY_id01521_wavtolip
00118_id01528_SBAS9Kcb8QY_id01521_wavtolip_60.jpg,fake,00118_id01528_SBAS9Kcb8QY_id01521_wavtolip
00118_id01544_uBo9585VW2A_id00701_wavtolip_0.jpg,fake,00118_id01544_uBo9585VW2A_id00701_wavtolip
00118_id01544_uBo9585VW2A_id00701_wavtolip_120.jpg,fake,00118_id01544_uBo9585VW2A_id00701_wavtolip
00118_id01544_uBo9585VW2A_id00701_wavtolip_30.jpg,fake,00118_id01544_uBo9585VW2A_id00701_wavtolip
00118_id01544_uBo9585VW2A_id00701_wavtolip_60.jpg,fake,00118_id01544_uBo9585VW2A_id00701_wavtolip
00118_id01544_uBo9585VW2A_id00701_wavtolip_90.jpg,fake,00118_id01544_uBo9585VW2A_id00701_wavtolip
00118_id01597_wavtolip_120.jpg,fake,00118_id01597_wavtolip
00118_id01597_wavtolip_30.jpg,fake,00118_id01597_wavtolip
00118_id01597_wavtolip_60.jpg,fake,00118_id01597_wavtolip
00118_id01597_wavtolip_90.jpg,fake,00118_id01597_wavtolip
00118_id01691_wavtolip_120.jpg,fake,00118_id01691_wavtolip
00118_id01691_wavtolip_30.jpg,fake,00118_id01691_wavtolip
00118_id01691_wavtolip_60.jpg,fake,00118_id01691_wavtolip
00118_id01691_wavtolip_90.jpg,fake,00118_id01691_wavtolip
00118_id01717_JDW6p8yU13A_id01779_wavtolip_0.jpg,fake,00118_id01717_JDW6p8yU13A_id01779_wavtolip
00118_id01717_JDW6p8yU13A_id01779_wavtolip_120.jpg,fake,00118_id01717_JDW6p8yU13A_id01779_wavtolip
00118_id01717_JDW6p8yU13A_id01779_wavtolip_30.jpg,fake,00118_id01717_JDW6p8yU13A_id01779_wavtolip
00118_id01717_JDW6p8yU13A_id01779_wavtolip_60.jpg,fake,00118_id01717_JDW6p8yU13A_id01779_wavtolip
00118_id01717_JDW6p8yU13A_id01779_wavtolip_90.jpg,fake,00118_id01717_JDW6p8yU13A_id01779_wavtolip
00118_id01717_wavtolip_30.jpg,fake,00118_id01717_wavtolip
00118_id01717_wavtolip_60.jpg,fake,00118_id01717_wavtolip
00118_id01835_UZbWA0QfXXA_id01236_wavtolip_0.jpg,fake,00118_id01835_UZbWA0QfXXA_id01236_wavtolip
00118_id01835_UZbWA0QfXXA_id01236_wavtolip_30.jpg,fake,00118_id01835_UZbWA0QfXXA_id01236_wavtolip
00118_id01835_UZbWA0QfXXA_id01236_wavtolip_60.jpg,fake,00118_id01835_UZbWA0QfXXA_id01236_wavtolip
00118_id01920_w9C_knCPD94_id01392_wavtolip_0.jpg,fake,00118_id01920_w9C_knCPD94_id01392_wavtolip
00118_id01920_w9C_knCPD94_id01392_wavtolip_120.jpg,fake,00118_id01920_w9C_knCPD94_id01392_wavtolip
00118_id01920_w9C_knCPD94_id01392_wavtolip_30.jpg,fake,00118_id01920_w9C_knCPD94_id01392_wavtolip
00118_id01920_w9C_knCPD94_id01392_wavtolip_60.jpg,fake,00118_id01920_w9C_knCPD94_id01392_wavtolip
00118_id01920_w9C_knCPD94_id01392_wavtolip_90.jpg,fake,00118_id01920_w9C_knCPD94_id01392_wavtolip
